Astolfo,Fate/Apocrypha,Pink,Rider Class Servant,Trap,Astolfo,"Tenebria, Saber, Mash Kyrielight",https://c.tenor.com/X71YfnjkviwAAAAd/astolfo-goku-drip.gif
Felix Argyle,Re:Zero - Starting Life in Another World,Brown,Cat Boy,Trap,Felix Argyle,"Petra Leyte, Crusch Karsten, Hideyoshi Kinoshita",https://i.pinimg.com/736x/5d/cb/7f/5dcb7faaf7df60973d6cdfd68cf159f7.jpg
Casper Vladi,High School DxD,Blonde,Vampire,Trap,Casper Vladi,"Nyau, Pico, Kurapika",https://img.wattpad.com/cf757afe8ef1cd27da97d1a4b802aa632501cec0/68747470733a2f2f73332e616d617a6f6e6177732e636f6d2f776174747061642d6d656469612d736572766963652f53746f7279496d6167652f4879386e4c5661565158737856673d3d2d3735303432323933362e313561633135373630333031373536333939313031363431303634362e6a7067
Haku,Naruto,Black,Ice Affinity,Trap,Haku,"Ruka Urushibara, Kousaka Reina, Kurenai Yuhi",https://qph.fs.quoracdn.net/main-qimg-55d12c4a26a2dc9e9347c2b4265a955b.webp
Saika Totsuka,Yahari Ore no Seishun Love Comedy wa Machigatteiru(Oregairu),White,Tennis Player,Trap,Saika Totsuka,"Nyau, Yui Yuigahama, Casper Vladi", https://i.ytimg.com/vi/NJBkGbK0RXk/maxresdefault.jpg
Pico,Boku no Pico,Blonde,Bruh Moment,Trap,Pico,"Tamotsu, Sailor Moon, Shiemi Moriyama",https://i.pinimg.com/originals/f1/02/1d/f1021d8ee44e2c5c0269e1a37611ce07.jpg
Mare Bella Fiore,Overlord,Blonde,Dark Elf,Trap,Mare Bella Fiore,"Aura Bella Fiore, Shalltear Bloodfallen, Evileye",https://cdn.anisearch.com/images/character/cover/full/54/54937.webp
Armin Arlert,Attack On Titan,Blonde,Lel,Trap,Armin Artlet,"Annie Leonhart, Historia Reiss, Krista Lenz",https://fictionhorizon.com/wp-content/uploads/2021/10/Armin-Arlert.jpg
Hideri Kanzaki,Blend S,White,Cafe Maid,Trap,Hideri Kanzaki,"Maika Sakuranomiya, Kaho Hinata, Miu Amano",https://static2.cbrimages.com/wordpress/wp-content/uploads/2020/04/CBR-Featured-Image-Hideri-Kanzai-Blend-S-Opening-.jpg?q=50&fit=crop&w=480&h=300&dpr=1.5
Kalluto Zoldyck,Hunter X Hunter,Black,Paper Dude,Trap,Kalluto Zoldyck,"Alluka Zoldyck, Kikyo Zoldyck, Illumi Zoldyck",http://pm1.narvii.com/7074/5408370c509ad7dd6c2bba5b492224ff87cf1962r1-1080-1201v2_uhq.jpg
Alluka Zoldyck,Hunter X Hunter,Black,Demon Girl,Trap,Alluka Zoldyck,"Kalluto Zoldyck, Illumi Zoldyck, Kikyo Zoldyck",https://static3.cbrimages.com/wordpress/wp-content/uploads/2021/06/hunter-x-hunter-alluka-zoldyck-header.jpg
Neferpitou,Hunter X Hunter,White,Cat Ant Soldier,Trap,Neferpitou,"Felix Argyle, Saika Totsuka, Komugi", https://sportshub.cbsistatic.com/i/2021/03/17/38c429b5-8eb4-4c05-ad94-d756d7afd29f/hunter-x-hunter-neferpitou-1195372.jpg
Shiota Nagisa,Assassination Classroom,Blue,Assassin ,Trap,Shiota Nagisa,"Saika Totsuka, Kaede Kayano, Yukiko Kanzaki",https://ficklemind.com/wp-content/uploads/2021/01/Assassination-Classroom-Nagisa-Shiota.jpg
Nyau,Akame ga Kill,Blonde,Flute Dude,Trap,Nyau,"Casper Vladi, Saika Totsuka, Najenda",https://i.pinimg.com/originals/d6/01/23/d601238dfd7b7bc080b8254f53364112.jpg
Emporio Ivankov,One Piece,Purple,From mid Anime,Trap,Emporio Ivankov,"Franky, Buggy, Edward Weevil",https://cdn.myanimelist.net/images/characters/6/81182.jpg
Tadano Hitohito,Komi-san wa Komyushou Desu,Pink,Chadano,Trap,Tadano Hitohito,"Osana Najimi, Ren Yamai, Tadano Hitomi",https://64.media.tumblr.com/8aa996f4e3822d57efadc819f5565df0/63ebec262378d90c-e2/s540x810/1f9ae2888c41ebdce14eeaabade879efbf67b9b8.jpg
Osana Najimi,Komi-san wa Komyushou Desu,Lavender,Cockroach/Rat,Trap,Osana Najimi,"Tadano Hitohito, Ren Yamai, Rumiko Manbagi",https://preview.redd.it/tuph1n0k5g381.jpg?auto=webp&s=d78dbd2c2591c9f4a9220cd03045cf96298da951
Makoto,Minami-ke,Brown,Enjoys Crossdressing,Trap,Makoto,"Haruka Minami, Kana Minami, Chiaki Minami",http://1.bp.blogspot.com/-qu68xW7dwtE/UPO0qEQzquI/AAAAAAACdmA/HEIw7OlzOJk/s1600/Minami-ke+Tadaima+-+02+-+Large+03.jpg
Hime Arikawa,Himegoto,Pink,Cafe Maid,Trap,Hime Arikawa,"Kaguya Arikawa, 18-kin, Astolfo",https://yt3.ggpht.com/3zfTOutnfmqiboPvW58b73SYSEkdbdLFcG6z86AbvCG5UH4VdnMbliNSedTBbJfAszJuQiXUkBE=s900-c-k-c0x00ffffff-no-rj
Ruka Urushibara,Steins;Gate,Black,Gets Bullied,Trap,Ruka Urushibara,"Mayuri Shiina, Suzuha Amane, Haku",https://cdn.myanimelist.net/images/characters/7/133805.jpg
Kurapika,Hunter X Hunter,Blonde,Chains,Trap,Kurapika,"Armin Artlet, Genthru, Nyau",https://media.comicbook.com/2019/09/hxh-kurapika-1186893.jpeg?auto=webp
Rudeus Greyrat,Mushoku Tensei: Jobless Reincarnation,Blonde,Reincarnated Perv,Pedophile,Rudeus Greyrat,"Emma, Paul Greyrat, Hayama Hayato",https://dk2dv4ezy246u.cloudfront.net/widgets/sS0Tz7iyNkB_large.jpg
Hisoka Morrow,Hunter X Hunter,Red,Clown,Pedophile,Hisoka Morrow,"Roswaal L Mathers, Buggy, Harlequin", https://i1.sndcdn.com/avatars-veJHklBVgEXpI5nE-fLiy3Q-t500x500.jpg
Orochimaru,Naruto,Black,Snake Bruh,Pedophile,Orochimaru,"Sosuke Aizen, Kabuto Yakushi, Ilumi Zoldyck",https://ic.pics.livejournal.com/mad_researcher/12852626/43649/43649_original.jpg
Roswaal L Mathers,Re:Zero - Starting Life in Another World,Blue,Mansion Lord,Pedophile,Roswaal L Mathers,"Hisoka Morrow, Chikujouin Magane, Clown", http://demonewspaper.com/images/characters/roswaal-l-mathers-97182.jpg
Jiraiya ,Naruto,White,Perverted Toad,Pedophile,Jiraiya ,"Kakashi, Nagato, Koji Kashin",https://doublelasers.com/wp-content/uploads/2020/11/jiraiya-1024x577.jpg
Shu Tsukiyama,Tokyo Ghoul,Purple,Nuts to Blood,Pedophile,Shu Tsukiyama,"Emporio Ivankov, Nico, Noro", https://preview.redd.it/q34jps561en41.jpg?auto=webp&s=6ab6f13261aff49db8679ce4153995af4577d17a
Goku,Dragon Ball,Black,Monkey Saiyan Who Screams,Normal,Goku,"Vegeta, Gohan, Bardock",https://staticg.sportskeeda.com/editor/2020/08/1a2c1-15977865196143-800.jpg
Vegeta,Dragon Ball,Black,Monkey Saiyan,Normal,Vegeta,"Goku, Tarble, Turles",https://practicaltyping.com/wp-content/uploads/2020/09/vegeta2.jpg
Frieza,Dragon Ball,Bald af,Alien mf,Normal,Frieza,"Piccolo, King Cold, Frost",https://dragonball.guru/wp-content/uploads/2021/03/frieza.jpg
Krillin,Dragon Ball,Bald af,Solar Flare,Normal,Krillin,"Goku, Yamcha, Tien Shinhan",https://oyster.ignimgs.com/mediawiki/apis.ign.com/dragon-ball-fighterz/0/0b/Super_Krillin.jpg
Piccolo,Dragon Ball,Bald af,Green mf,Normal,Piccolo,"Kami, Cargo, Dende",https://oyster.ignimgs.com/mediawiki/apis.ign.com/dragon-ball-fighterz/3/39/Super_Picollo.jpg
Gohan,Dragon Ball,Black,Great Saiyaman,Normal,Gohan,"Goku, Goten, Turles",https://static1.cbrimages.com/wordpress/wp-content/uploads/2020/12/great-saiyaman.jpg?q=50&fit=crop&w=960&h=500&dpr=1.5
Goten,Dragon Ball,Black,Hybrid Saiyan,Normal,Goten,"Goku, Gohan, Trunks",https://i.ytimg.com/vi/I7Knp0KhpwU/maxresdefault.jpg
Trunks,Dragon Ball,Lavender,Cool Ass Sword,Normal,Trunks,"Goten, Gogeta, Gotenks",https://i.ytimg.com/vi/u2gKy94kXuM/maxresdefault.jpg
Bulma,Dragon Ball,Blue,Smart Scientist,Normal,Bulma,"Caulifa, Videl, Chi Chi",https://a1cf74336522e87f135f-2f21ace9a6cf0052456644b80fa06d4f.ssl.cf2.rackcdn.com/images/characters/large/800/Bulma.Dragon-Ball.webp
Cell,Dragon Ball,Bald af,Ultimate Being,Normal,Cell,"Saibamen, Garlic Jr, Gulbo",https://static3.cbrimages.com/wordpress/wp-content/uploads/2019/12/Cell-in-Dragon-Ball-Z-Cropped-1.jpg
Naruto Uzumaki,Naruto,Yellow,Talk no Jutsu,Normal,Naruto Uzumaki,"Boruto Uzumaki, Minato Namikaze, Menma Uzumaki",https://i.pinimg.com/736x/0c/cc/b9/0cccb9e5e7dbc80b012f24420573ae5c.jpg
Sasuke Uchiha,Naruto,Black,Edgy mf,Normal,Sasuke Uchiha,"Itachi Uchiha, Shisui Uchiha, Fugaku Uchiha",https://i.kym-cdn.com/photos/images/newsfeed/001/661/466/b4b
Sakura Haruno,Naruto,Pink,Useless lol,Normal,Sakura Haruno,"Sarada Uchiha, Mebuki Haruno, Kizashi Haruno",https://blacknerdproblems.com/wp-content/uploads/2015/08/Sakura-1.jpg
Kakashi Hatake,Naruto,White,Copy Ninja,Normal,Kakashi Hatake,"Sakumo Hatake, Hoki Taketori, Satoru Gojo",https://www.looper.com/img/gallery/the-reason-you-almost-never-see-kakashis-face-in-naruto/intro-1576078504.jpg
Minato Namikaze,Naruto,Yellow,Yellow Flash,Normal,Minato Namikaze,"Naruto Uzumaki, Kushina Uzumaki, Iruka Umino",https://otakukart.com/wp-content/uploads/2021/12/mina.jpg
Violet Evergarden,Violet Evergarden,Blonde,Emotionless,Normal,Violet Evergarden,"Maria Campbell, Yumiko Miura, Cattleya Baudelaire",https://i.guim.co.uk/img/media/fcfae684d2c1c24e66cecac890f9eddf2151af8b/254_0_1429_858/master/1429.jpg?width=465&quality=45&auto=format&fit=max&dpr=2&s=50e57ddb93c19d0fb6dc23d846b7edf1
Light Yagami,Death Note,Brown,God Complex,Normal,Light Yagami,"L, Keyaru, Ryuk",https://shareiitnow.b-cdn.net/wp-content/uploads/2019/12/Light-Yagami-quotes-from-death-note.jpg
L,Death Note,Black,Sits Weird,Normal,L,"Near, Light Yagami, Feitan",https://static1.cbrimages.com/wordpress/wp-content/uploads/2021/03/l-death-note.jpg
Near,Death Note,White,Plays with Toys,Normal,Near,"Mello, L, Rudeus Greyrat",https://imgix.ranker.com/list_img_v2/8368/2728368/original/best-near-quotes?w=817&h=427&fm=jpg&q=50&fit=crop
Mello,Death Note,Blonde,Gang Leader,Normal,Mello,"Near, Thorfinn, Rudeus Greyrat",https://otakukart.com/wp-content/uploads/2021/12/Mello.jpg
Ryuk,Death Note,Black,Likes Apples,Normal,Ryuk,"Light Yagami, Rem, Sidoh",https://static0.cbrimages.com/wordpress/wp-content/uploads/2020/06/ryuk-big.jpg
Misa Amane,Death Note,Blonde,Lovestruck,Normal,Misa Amane,"Lucy Heatfilia, Karino Shuka, Winry Rockbell",https://pbs.twimg.com/media/E5j6A0EUUAEvlzF.jpg
Subaru Natuski,Re:Zero - Starting Life in Another World,Black,Persistence in Death,Normal,Subaru Natuski,"Kazuma Sato, Kenichi Natsuki, Tobio Kageyama",https://i.ytimg.com/vi/k_kU0ZigVtQ/maxresdefault.jpg
Emilia,Re:Zero - Starting Life in Another World,White,Cursed Half Elf,Normal,Emilia,"Echidna, Satella, Pandora",https://thicc.mywaifulist.moe/waifus/54/b8557e17db9f8527fbc31d243c6ff72285ef8abe7c0a06b59281a51b45bba370_thumb.jpeg
Rem,Re:Zero - Starting Life in Another World,Blue,Who?,Normal,Rem,"Ram, Who?, Shiota Nagisa",https://wegotthiscovered.com/wp-content/uploads/2021/06/Rem.jpeg
Ram,Re:Zero - Starting Life in Another World,Pink,Emotionless Maid,Normal,Ram,"Rem, Zero Two, Yuno Gasai",https://i.ytimg.com/vi/od-e1Z3sPCE/maxresdefault.jpg
Puck,Re:Zero - Starting Life in Another World,Gray,Cat Who Can End the World,Normal,Puck,"Yui, Charlie, Happy",https://i.ytimg.com/vi/LDj73d9jw-U/maxresdefault.jpg
Kazuya Kinoshita,Rent a Girlfriend,Brown,Beta Male Cuck,Normal,Kazuya Kinoshita,"Eren Jaeger, Shinji Ikari, King",https://animesenpai.net/wp-content/uploads/2021/12/PicsArt_12-29-12.50.38_compress5.jpg
Chizuru Ichinose,Rent a Girlfriend,Brown,Generic FMC,Normal,Chizuru Ichinose,"Ruka Sarashina, Mami Nanami, Sumi Sakurasawa",https://honeysanime.com/wp-content/uploads/2020/10/Kanojo-Okarishimasu-Wallpaper-427x500.jpg
Mami Nanami,Rent a Girlfriend,Blonde,The Biggest Bitch,Normal,Mami Nanami,"Ruka Sarashina, Sumi Sakurasawa, Chizuru Ichinose",https://static2.cbrimages.com/wordpress/wp-content/uploads/2020/07/Rent-A-Girlfriend-Mami-Sees-Kazuya-With-Chizuru.jpg
Ruka Sarashina,Rent a Girlfriend,Black,Wears a Blue Ribbon,Normal,Ruka Sarashina,"Mini Yaemori, Chizuru Ichinose, Sumi Sakurasawa",https://otakuusamagazine.com/wp-content/uploads/2020/03/r-a-g-ruka2.jpg
Sumi Sakurasawa,Rent a Girlfriend,Red,Extremely Shy,Normal,Sumi Sakurasawa,"Mini Yaemori, Chizuru Ichinose, Mami Nanami",https://cdn.myanimelist.net/images/characters/9/409383.jpg
Eris Boreas Greyrat,Mushoku Tensei: Jobless Reincarnation,Red,Angry Little Girl,Normal,Eris Boreas Greyrat,"Kushina Uzumaki, Slyphiette, Karin",https://i.pinimg.com/736x/fa/98/1e/fa981e322881fea1925c6e88549ed8dd.jpg
Roxy Migurdia,Mushoku Tensei: Jobless Reincarnation,Blue,Talented Water Mage,Normal,Roxy Migurdia,"Aqua, Rock Lee, Vivy",https://i.ytimg.com/vi/9STXy6mN8Nw/maxresdefault.jpg
Slyphiette,Mushoku Tensei: Jobless Reincarnation,Green,Little Elf,Normal,Slyphiette,"Eris Boreas Greyrat, Tessia Eralith, Linea Dedoldia",https://quotetheanime.com/wp-content/uploads/2021/06/Sylphiette-Mushoku-Tensei-5.jpg
Ruijerd Superdia,Mushoku Tensei: Jobless Reincarnation,Green,Honourable Warrior,Normal,Ruijerd Superdia,"Saitama, Ghislaine, Krillin",https://quotetheanime.com/wp-content/uploads/2021/06/Untitled-1-1-768x427.jpg
Tanjiro Kamado,Demon Slayer : Kimetsu no Yaiba,Burgundy,Trains Hard,Normal,Tanjiro Kamado,Zenitsu Agatsuma, Hashibira Inosuke, Izuku Midoriya,https://otakukart.com/wp-content/uploads/2021/12/Tanjiro.jpg
Nezuko Kamado,Demon Slayer : Kimetsu no Yaiba,Black,Sleeps 23 Hours A Day,Normal,Nezuko Kamado,"Makio, Suma, Hinatsuru",https://media.comicbook.com/2021/05/demon-slayer-mugen-train-movie-nezuko-kamado-1266791.jpeg?auto=webp
Zenitsu Agatsuma,Demon Slayer : Kimetsu no Yaiba,Blonde,Only Cool When Sleeping,Normal,Zenitsu Agatsuma,"Sinbad, Shinra Kusakabe, Denki Kaminari",https://staticg.sportskeeda.com/editor/2022/01/84ef0-16426136249026-1920.jpg
Inosuke Hashibira ,Demon Slayer : Kimetsu no Yaiba,Black,Boar mf,Normal,Hashibira Inosuke,"Tonton, Tsukasa Shishio, Hawk",https://www.cheatsheet.com/wp-content/uploads/2022/01/Inosuke-Hashibara-Demon-Slayer.jpg
Kyojuro Rengoku,Demon Slayer : Kimetsu no Yaiba,Blonde,Flame Breathing,Normal,Kyojuro Rengoku,"Senjuro Rengoku, Ruka Rengoku, Shinjuro Rengoku",https://www.cheatsheet.com/wp-content/uploads/2022/01/Demon-Slayer-Rengoku-1-1200x675.jpg
Shinobu Kocho,Demon Slayer : Kimetsu no Yaiba,Black,Butterfly Lady,Normal,Shinobu Kocho,"Mitsuri Kanroji, Aoi Kanzaki, Tsuguko Kanao Tsuyuri",http://pm1.narvii.com/7416/84e9a88f4ef22840aa068b4bebba899df56d2b74r1-675-720v2_uhq.jpg
Tengen Uzui,Demon Slayer : Kimetsu no Yaiba,White,Ninja mf,Normal,Tengen Uzui,"Giyu Tomioka, Gyomei Himejima, Obanai Iguro",https://data.whicdn.com/images/336581725/original.jpg
Jonathan Joestar,JoJo's Bizarre Adventure,Brown,No Stand L Bozo,Normal,Jonathan Joestar,"Joseph Joestar, Jotaro Kujo, Josuke Higashitakata",https://i.redd.it/tttjq5gkniu61.jpg
Joseph Joestar,JoJo's Bizarre Adventure,Brown,Hermit Purple,Normal,Joseph Joestar,"Jonathan Joestar, Jotaro Kujo, Josuke Higashitakata",https://static.tvtropes.org/pmwiki/pub/images/jojosbizarreadventurebattletendencyjosephjoestar2.png
Jotaro Kujo,JoJo's Bizarre Adventure,Black,Star Platinum,Normal,Jotaro Kujo,"Jonathan Joestar, Joseph Joestar, Josuke Higashitakata",https://comicvine.gamespot.com/a/uploads/scale_small/11141/111417570/8224299-956c3a74-6296-4d6f-96fb-b8d4be75d2d6.jpg
Josuke Higashitakata,JoJo's Bizarre Adventure,Black,Crazy Diamond,Normal,Josuke Higashitakata,"Jonathan Joestar, Joseph Joestar, Jotaro Kujo",https://qph.fs.quoracdn.net/main-qimg-d33c8ac0fefcd121505cdd5d6eb67ce8-pjlq
Giorno Giovanna,JoJo's Bizarre Adventure,Blonde,Golden Experience,Normal,Giorno Giovanna,"Yuga Aoyama, Josuke Higashitakata, Guido Mista",https://bleedingcool.com/wp-content/uploads/2021/01/JoJos-Bizarre-Adventure-Giorno-Giovanna-1200x900.jpg
Jolyne Cujoh,JoJo's Bizarre Adventure,Green,Stone Free,Normal,Jolyne Cujoh,"Jotaro Kujo, Ermes Costello, F.F",https://staticg.sportskeeda.com/editor/2021/11/ce2ca-16368930457333-1920.jpg
Mikey,Tokyo Revengers,Blonde,Dark Urges,Normal,Mikey,"Takemichi Hanagaki, Draken, Kisaki Tetta",https://cdn.myanimelist.net/images/characters/7/443690.jpg
Takemichi Hanagaki,Tokyo Revengers,Blonde,Crybaby,Normal,Takemichi Hanagaki,"Mikey, Kisaki Tetta, Keisuke Baji",https://www.anime-internet.com/content/images/2021/10/Takemichi-Hanagaki.jpg
Draken,Tokyo Revengers,Blonde,Caring,Normal,Draken,"Kisaki Tetta, Keisuke Baji, Takemichi Hanagaki",https://i1.sndcdn.com/artworks-mLBgGI5ZlcqVArut-sw4YFQ-t500x500.jpg
Kisaki Tetta,Tokyo Revengers,Blonde,Ruthless,Normal,Kisaki Tetta,"Mikey, Keisuke Baji, Takemichi Hanagaki",https://preview.redd.it/cf5rb10c7tj71.jpg?auto=webp&s=7240f66a2976d27989252d2fae09b25f8ab50b46
Keisuke Baji,Tokyo Revengers,Black,Wild,Normal,Keisuke Baji,"Kisaki Tetta, Mikey, Draken",https://www.anime-internet.com/content/images/2021/09/Baji.jpg
Hinata Tachibana,Tokyo Revengers,Light Brown,Optimistic,Normal,Hinata Tachibana,"Emma Sano, Yuzuha Shiba, Akane Inui",https://otakukart.com/wp-content/uploads/2021/12/Will-hinata-tachibana-dies-in-tokyo-revengers.jpg
Monkey D. Luffy,One Piece,Black ,Captain,Normal,Monkey D. Luffy,"Shanks, Bellamy, Gol D. Roger",https://static0.cbrimages.com/wordpress/wp-content/uploads/2019/09/One-Piece-Monkey-D.-Luffy-Cropped.jpg
Roronoa Zoro,One Piece,Green,Combatant,Normal,Roronoa Zoro,"Dracule Mihawk, Don Quixote Doflamingo, Silvers Rayleigh",https://animecorner.me/wp-content/uploads/2022/01/roronoza-zoro-statue-in-japan.jpg
Nami,One Piece,Orange,Navigator,Normal,Nami,"Brook, Vivi Nefeltari, Conis",https://static0.cbrimages.com/wordpress/wp-content/uploads/2020/03/one-piece-nami-featured.jpg
Nico Robin,One Piece,Black ,Archaeologist,Normal,Nico Robin,"Boa Hancock, Jewelry Bonney, Charlotte Linlin",https://static0.srcdn.com/wordpress/wp-content/uploads/2017/06/Nico-Robin-in-One-Piece.jpg?q=50&fit=crop&w=963&h=481&dpr=1.5
Tony Tony Chopper,One Piece,Brown,Doctor,Normal,Tony Tony Chopper,"Crocodile, Eneru, Kaido",https://i.pinimg.com/originals/4f/cd/17/4fcd174faa214bb424c0be4a234895d1.jpg
Boruto Uzumaki,Boruto,Blonde,Smart but Stupid,Normal,Boruto Uzumaki,"Naruto Uzumaki, Minato Namikaze, Inojin Yamanaka",https://images-na.ssl-images-amazon.com/images/S/pv-target-images/fb83f25f918ad058eaadcfcac199d781f18465ba505f0043987372402f4b1a7f._RI_.jpg
Sarada Uchiha,Boruto,Black,Dad Left for 12 Years,Normal,Sarada Uchiha,"Sumire Kakei, Namida Suzumeno, Wasabi Izuno",https://m.media-amazon.com/images/M/MV5BZDU3YWQ4ODItNjcwYS00NTlhLWFjZGYtZGJhZjMyNjI0ZGE3XkEyXkFqcGdeQXVyMzExMzk5MTQ@._V1_.jpg
Mitsuki,Boruto,White,Weird Snake Guy,Normal,Mitsuki,"Naruto Uzumaki, Orochimaru, Kabuto Yakushi",https://sportshub.cbsistatic.com/i/2021/03/18/1f39aee7-69cf-4d54-9141-6e6b96b52a52/boruto-mitsuki-origin-1260143.jpg
Shikadai Nara,Boruto,Black,Smart but Athletic,Normal,Shikadai Nara,"Shikamaru Nara, Shikaku Nara, Inojin Yuino",http://images6.fanpop.com/image/photos/43500000/shikadai-shikadai-nara-43593866-1480-832.jpg
Kawaki,Boruto,Black,Cold-Hearted,Normal,Kawaki,"Denki Kaminarimon, Iwabee Yuino, Houki Taketori",https://animesweet.com/img/2021/boruto-activating-kawaki8217s-karma-is-a-huge-hit-on-youtube.jpg
Denki Kaminarimon,Boruto,Black,Smart but Only Smart,Normal,Denki Kaminarimon,"Kawaki, Iwabee Yuino, Metal Lee",https://static3.cbrimages.com/wordpress/wp-content/uploads/2021/12/boruto-denki-kaminarimon-anime.jpg
Megumin,Konosuba,Black,EXPLOSION,Normal,Megumin,"Komekko, Yunyun, Darkness",https://static0.cbrimages.com/wordpress/wp-content/uploads/2019/12/Megumin-explosion.jpg?q=50&fit=crop&w=740&h=370&dpr=1.5
Kazuma Sato,Konosuba,Brown,STEAL,Normal,Kazuma Sato,"Subaru Natuski, Kyoya Mitsurugi, Kazuya KaKinoshita",https://static1.cbrimages.com/wordpress/wp-content/uploads/2019/12/Featured-Image-1.jpg?q=50&fit=crop&w=767&h=450&dpr=1.5
Darkness,Konosuba,Blonde,Masochist Knight,Normal,Darkness,"Aqua, Kitagawa Marin, Violet Evergarden",https://static0.cbrimages.com/wordpress/wp-content/uploads/2019/12/Darkness-KonoSuba-Featured.jpg?q=50&fit=crop&w=960&h=500&dpr=1.5
Aqua,Konosuba,Blue,Useless Godess,Normal,Aqua,"Darkness, Shiota Nagisa, Vivy",https://i.etsystatic.com/24998712/r/il/6cbd79/2680968059/il_fullxfull.2680968059_fw26.jpg
Lelouch Vi Britannia,Code Geass,Black ,Intelligent,Normal,Lelouch Vi Britannia,"Kira Yamato, Light Yagami, Keyaru",https://static.wikia.nocookie.net/f3e377d4-d76a-4c30-9b7f-cd55a7aafd59
C.C.,Code Geass,Green,Pizza Hut,Normal,C.C.,"Slyphiette, Shirley Fenette, V.V.",https://i.pinimg.com/736x/0c/aa/f1/0caaf12263d2506e33626bbce5a87f5b--code-geass-fiction.jpg
Suzaku Kururugi,Code Geass,Brown,Loyal,Normal,Suzaku Kururugi,"Rivalz Cardemonde, Kaname Ohgi, Athrun Zala",https://comicvine.gamespot.com/a/uploads/scale_medium/6/68616/1406036-suzaku_animestocks_com__101.jpg
Keyaru,Redo of Healer,Brown,Strong Psychotic Rapist,Normal,Keyaru,"Kira Yamato, Sakuta Azusagawa, Bullet",https://animemotivation.com/wp-content/uploads/2021/02/keyaru-laugh-redo-of-healer.jpg
Flare Arlgrande,Redo of Healer,Pink,Magic Princess Lady,Normal,Flare Arlgrande,"Kureha Clyret, Norn Clatalissa, Blade",https://wherever-i-look.com/wp-content/uploads/2021/01/Flare-Redo-of-Healer-Season-1-Episode-3-The-Healer-Buys-A-Slave.jpg
Setsuna,Redo of Healer,Blue,Cat Girl Loli,Normal,Setsuna,"Eve Reese, Lapiz, Guren",https://w0.peakpx.com/wallpaper/957/297/HD-wallpaper-anime-redo-of-healer-setsuna-redo-of-healer.jpg
Norn Clatalissa,Redo of Healer,Pink,Smart Princess Lady,Normal,Norn Clatalissa,"Flare Arlgrande, Kureha Clyret, Ram",https://images-wixmp-ed30a86b8c4ca887773594c2.wixmp.com/f/76f8cc9e-6a19-4cda-a703-b4a97af43d20/ded0j1l-46726358-5e71-43f9-828e-f414cb472692.jpg?token=eyJ0eXAiOiJKV1QiLCJhbGciOiJIUzI1NiJ9.eyJzdWIiOiJ1cm46YXBwOjdlMGQxODg5ODIyNjQzNzNhNWYwZDQxNWVhMGQyNmUwIiwiaXNzIjoidXJuOmFwcDo3ZTBkMTg4OTgyMjY0MzczYTVmMGQ0MTVlYTBkMjZlMCIsIm9iaiI6W1t7InBhdGgiOiJcL2ZcLzc2ZjhjYzllLTZhMTktNGNkYS1hNzAzLWI0YTk3YWY0M2QyMFwvZGVkMGoxbC00NjcyNjM1OC01ZTcxLTQzZjktODI4ZS1mNDE0Y2I0NzI2OTIuanBnIn1dXSwiYXVkIjpbInVybjpzZXJ2aWNlOmZpbGUuZG93bmxvYWQiXX0.YHM0bSfJyHNYOI7-5V0Sc8w7nzCnduipsQsAHum0ucc
Naofumi Iwatani,The Rising Of The Shield Hero,Black ,Cranky Shield Guy,Normal,Naofumi Iwatani,"Keyaru, Subaru Natsuki, Ren Amaki",https://i.pinimg.com/564x/15/46/ef/1546ef92a37bf5df12aa259d69054ec1.jpg
Raphtalia,The Rising Of The Shield Hero,Brown,Raccoon Waifu,Normal,Raphtalia,"Filo, Risha Ivyred, Melty Q Meltromarc",https://external-preview.redd.it/w66trYQLx1-7FgsSLZrhZuG7COT5bwbK-o5I1RMdzQs.jpg?auto=webp&s=94f9048f747c1f8514b7b42364cab3aa7ccef562
Melty Q Meltromarc,The Rising Of The Shield Hero,Blue,Likes Birds,Normal,Melty Q Meltromarc,"Malty S Melromarc, Mirellia Q Melromarc, Eclair Seaetto",https://i.pinimg.com/originals/24/07/a5/2407a50de6333745c2273c624d34bc81.jpg
Malty S Meltromarc,The Rising Of The Shield Hero,Red,Bitch,Normal,Malty S Meltromarc,"Melty Q Melromarc, Mirellia Q Melromarc, Elena Haven",https://static3.cbrimages.com/wordpress/wp-content/uploads/2021/04/Malty-Melromarc-In-The-Rising-Of-The-Shield-Hero.jpg?q=50&fit=crop&w=963&h=481&dpr=1.5
Filo,The Rising Of The Shield Hero,Blonde,Bird Loli,Normal,Filo,"Raphtalia, Fohl, Fitoria",https://i.pinimg.com/originals/42/53/f0/4253f04fd8c2131af669ae930b9c8537.jpg
Vivy,Vivy: Fluorite Eye's Song,Blue,First AI to create their own song,Normal,Vivy,"Aqua, Shiota Nagisa, Bulma",https://i0.wp.com/anitrendz.net/news/wp-content/uploads/2021/12/Vivy_Stills_11_1-.jpg
Matsumoto,Vivy: Fluorite Eye's Song,N/A,Skynet but good,Normal,Matsumoto,"Pedo Bear, Monobear, Bepo",https://coleccionistademomentos.com/images/characters/matsumoto-vivy-fluorite-eyes-song-210298.jpg
Tomoya Okazaki,Clannad,Black ,Cynical,Normal,Tomoya Okazaki,"Youhei Sunohara, Naoyuki Okazaki, Ushio Okazaki",https://cdn.anime-planet.com/characters/primary/tomoya-okazaki-1.jpg?t=1625771028
Nagisa Furukawa,Clannad,Brown,Kind,Normal,Nagisa Furukawa,"Sanae Furokawa, Akio Furokawa, Tomoyo Sakagami",https://pm1.narvii.com/6338/9ebef30067d2492b263094be93d02360badd8f57_hq.jpg
Izuku Midoriya,My Hero Academia,Green,Deku,Normal,Izuku Midoriya,"Nighteye, Katsuki Bakugo, Shoto Todoroki",https://media.comicbook.com/2020/10/my-hero-academia-season-5-deku-izuku-midoriya-1239617.jpeg?auto=webp
Shoto Todoroki,My Hero Academia,White/Red,Half-half mf,Normal,Shoto Todoroki,"Izuku Midoriya, Katsuki Bakugo, Dabi",https://static2.cbrimages.com/wordpress/wp-content/uploads/2020/07/My-Hero-Acadamia-Shoto-Todoroki.jpg
Katsuki Bakugo,My Hero Academia,Blonde,Boom boom,Normal,Katsuki Bakugo,"Izuku Midoriya, Shoto Todoroki, Eijiro Kirishima",https://sportshub.cbsistatic.com/i/2021/03/18/6ce32558-4141-477b-8167-8f16ac77dea4/my-hero-academia-fem-bakugo-cosplay-1248814.jpg
All Might,My Hero Academia,Blonde,American Guy,Normal,All Might,"Izuku Midoriya, Sorahiko Torino, All For One",https://www.looper.com/img/gallery/my-hero-academia-the-reason-all-might-is-the-most-powerful-teacher/intro-1596067346.jpg
Ochako Uraraka,My Hero Academia,Brown,Gravity Lady,Normal,Ochako Uraraka,"Yaoyoruzu Momo, Mina Ashido, Tsuyu Asui",https://www.anime-internet.com/content/images/2021/09/Ochaco-Uraraka.jpg
Tomura Shigaraki,My Hero Academia,White,Hands Everywhere,Normal,Tomura Shigaraki,"Twice, Stain, Kai Chisaki",https://static0.gamerantimages.com/wordpress/wp-content/uploads/2021/09/shigaraki-hand-Cropped.jpg
Komi Shouko,Komi Can't Communicate,Black ,Can't communicate,Normal,Komi Shouko,"Osana Najimi, Manbagi Rumiko, Komi Shuuko",https://www.looper.com/img/gallery/komi-cant-communicate-release-date-cast-and-plot-what-we-know-so-far/l-intro-1620915743.jpg
Senku Ishigami,Dr. Stone,White/Green,Smart Science mf,Normal,Senku Ishigami,"Izuku Midoriya, Taiju Oku, Chrome",https://animehunch.com/wp-content/uploads/2020/06/senku-ishigami-in-Dr.-Stone-2.jpg
Taiju Oki,Dr. Stone,Brown,Strong Nice Guy,Normal,Taiju Oku,"Senku Ishigami, Tsukasa Shishio, Kinro",https://static1.cbrimages.com/wordpress/wp-content/uploads/2021/10/taiju-Cropped.jpg
Kohaku,Dr. Stone,Blonde,Gorilla Primitive,Normal,Kohaku,"Ruri, Yuzuriha Ogawa, Suika",https://images.everyeye.it/img-notizie/kohaku-dr-stone-prende-splendido-cosplay-v3-420087-1280x720.jpg
Tsukasa Shishio,Dr. Stone,Brown,Strongest High Schooler,Normal,Tsukasa Shishio,"Taiju Oku, Hyoga, Gen Asagiri",https://animesouls.com/wp-content/uploads/2021/10/Tsukasa-4.jpg
Norman,Promised Neverland,White,Unbeatable at tag,Normal,Norman,"Ray, Don, Lani",https://i.pinimg.com/originals/e8/a3/e2/e8a3e2462f5071814e241a9944172347.jpg
Emma,Promised Neverland,Orange,Optimistic,Normal,Emma,"Gilda, Anna, Alicia",https://s1.econotimes.com/assets/uploads/202011302a9531e1c434665e0_th_1024x0.jpg
Ray,Promised Neverland,Black ,Cunning,Normal,Ray,"Norman, Nat, Thoma",https://static2.cbrimages.com/wordpress/wp-content/uploads/2021/03/The-Promised-Neverland-S2-Ray.jpg
Ken Kaneki,Tokyo Ghoul,Black/White,Bi-polar Bozo,Normal,Ken Kaneki,"Kuki Urie, Kishou Arima, Enji Koma",https://i.ytimg.com/vi/0g0U94RtDMI/maxresdefault.jpg
Touka Kirishima,Tokyo Ghoul,Blue,Tomboy,Normal,Touka Kirishima,"Rize Kamishiro, Hinami Fueguchi, Itori",https://static1.cbrimages.com/wordpress/wp-content/uploads/2019/11/Touka-Featured.jpg
Ichigo Kurosaki,Bleach,Orange,Protective,Normal,Ichigo Kurosaki,"Shirou Emiya, Gakushu Asano, Renji Abarai",https://static0.cbrimages.com/wordpress/wp-content/uploads/2021/04/Ichigo.jpg
Orihime Inoue,Bleach,Orange,Caring but Stupid,Normal,Orihime Inoue,"Rukia Kuchiki, Rangiku Matsumoto, Yoruichi Shihounin",https://shareitnow.b-cdn.net/wp-content/uploads/2020/10/Inoue-Orihime-quotes.jpg
Uryu Ishida,Bleach,Black,Last of his kind,Normal,Uryu Ishida,"Sasuke Uchiha, Ryuken Ishida, Soken Ishida",http://images6.fanpop.com/image/photos/36400000/Uryu-Ishida-image-uryu-ishida-36417523-500-375.jpg
Hiro,Darling In The Franxx,Black ,Generic MC,Normal,Hiro,"Keyaru, Mitsuru, Goro",https://static0.cbrimages.com/wordpress/wp-content/uploads/2020/08/Darling-hiro-promo-Cropped.jpg?q=50&fit=crop&w=960&h=500&dpr=1.5
Ichigo,Darling In The Franxx,Blue,Donowalled Bitch,Normal,Ichigo,"Rem, Kokoro, Ikuno",https://lh3.googleusercontent.com/HMBDA4cx0ZzcbpWci_UF1iklHVWvuerSQTjNw_LhE6IKYZ_1Qz9P-EINBbTVeUmkOnyHxv63xqE3bR77oDMU4gOqWSX3yUVU_rBjUcE_7C5lnQODeHS5qbTLw0jBp0ncvVzU_0b4
Zero Two,Darling In The Franxx,Pink,Iconic Waifu,Normal,Zero Two,"Zero One, Ram, Hime Arikawa",https://i.ytimg.com/vi/0sLaYGjGIDo/maxresdefault.jpg
Saitama,One Punch Man,Bald af,Too Powerful But Bald af,Normal,Saitama,"Krillin, Aang, Bob",https://wegotthiscovered.com/wp-content/uploads/2021/10/saitama-puede-ganar-vengadores-marvel.webp
Genos,One Punch Man,Blonde,Demon Cyborg,Normal,Genos,"Garou, Silver Fang, Blast",https://loscittorevolante.files.wordpress.com/2021/11/ssr-genos.jpg
Mosquito Girl,One Punch Man,N/A,INSTA NUT,Normal,Mosquito Girl,"Tatsumaki, Fubuki, Do-S",https://i.ytimg.com/vi/51q5oSUnMus/maxresdefault.jpg
Shinei Nozen,86 : Eighty Six,Brown,Headless Reaper,Normal,Shinei Nozen,"Raiden Shuga, Theota Rikka, Haruto Keats",https://i.pinimg.com/originals/2a/25/3d/2a253d414f891210a36b5fc9682a6bd6.jpg
Vladilena Milize,86 : Eighty Six,White,Cares About 86,Normal,Vladilena Milize,"Henrietta von Penrose, Margareta Milize, Anju Emma",https://c.tenor.com/2n1zmWRd5q0AAAAd/86-eighty-six.gif
Jahy,The Great Jahy Will Never Be Defeated,Black,Second in Command,Normal,Jahy,"Hayase Nagatoro, Manbagi Rumiko, Yoruichi Shihounin",https://m.media-amazon.com/images/M/MV5BNDNhNTJhYTEtMmZiZS00ZDk0LWFiMzAtOTA4MjdkMTQ3NzdmXkEyXkFqcGdeQXVyMzgxODM4NjM@._V1_.jpg
Mai Sakurajima,Rascal Does Not Dream Of Bunny Girl Senpai,Black ,Peek Bunny Girl,Normal,Mai Sakurajima,"Yukino Yukinoshita, Shoko Makinohara, Rio Futuba",https://9tailedkitsune.com/wp-content/uploads/2021/06/Mai-Sakurajima.jpg
Sakuta Azusagawa,Rascal Does Not Dream Of Bunny Girl Senpai,Brown,Emotionless Most of The Time,Normal,Sakuta Azusagawa,"Light Yagami, Yuma Kunimi, Yosuke Maezawa",https://i.pinimg.com/originals/71/ed/a8/71eda809ee4cf40b8ef90ca2a954a5d4.jpg
Kaede Azusagawa,Rascal Does Not Dream Of Bunny Girl Senpai,Brown,Scared of going outside,Normal,Kaede Azusagawa,"Tomoe Koga, Saki Kamisato, Kotomi Kano",https://umaiyomu.files.wordpress.com/2019/05/kaede-azusagawa.jpg
Hachiman Hikigaya,Yahari Ore no Seishun Love Comedy wa Machigatteiru(Oregairu),Black,Doesn't understand Emotions,Normal,Hachiman Hikigaya,"Yoshiteru Zaimokuza, Hayato Hayama, Kakeru Tobe",https://honeysanime.com/wp-content/uploads/2020/11/Yahari-Ore-no-Seishun-Love-Comedy-wa-Machigatteiru-SNAFU-Hachiman-Wallpaper-700x392.jpg
Yukino Yukinoshita,Yahari Ore no Seishun Love Comedy wa Machigatteiru(Oregairu),Black,Obvious Winner,Normal,Yukino Yukinoshita,"Yui Yuigahama, Shizuka Hiratsuka, Rumi Tsurumi",https://pbs.twimg.com/media/E0C2V0eVgAI2-XL.jpg
Yui Yuigahama,Yahari Ore no Seishun Love Comedy wa Machigatteiru(Oregairu),Orange,Obvious Loser,Normal,Yui Yuigahama,"Yukino Yukinoshita, Yumiko Miura, Iroha Isshiki",https://practicaltyping.com/wp-content/uploads/2020/07/yui.jpg
Miyuki Shirogane,Kaguya-Sama: Love is War,Blonde,Student Council President,Normal,Miyuki Shirogane,"Kei Shirogane, Tsubasa Tanuma, Yu Ishigami",https://static0.cbrimages.com/wordpress/wp-content/uploads/2021/11/miyuki-proud-2.jpg
Kaguya Shinomiya,Kaguya-Sama: Love is War,Black,Rich Innocent Girl,Normal,Kaguya Shinomiya,"Chika Fujiwara, Ai Hayasaka, Miko Ino",https://qph.fs.quoracdn.net/main-qimg-4d4644ddb175e0755bc534c963560e97-lq
Yu Ishigami,Kaguya-Sama: Love is War,Black,Gets Bullied,Normal,Yu Ishigami,"Miyuki Shirogane, Tsubasa Tanuma, Uryu Ishida",https://static3.cbrimages.com/wordpress/wp-content/uploads/2020/06/yu-in-girl-clothes.jpg
Chika Fujiwara,Kaguya-Sama: Love is War,Pink,She do be dancing doe,Normal,Chika Fujiwara,"Kaguya Shinomiya, Tsubame Koyasu, Miko Ino",https://c.tenor.com/5T2j5B-ZjbYAAAAC/chika-fujiwara-dance.gif
Ai Hayasaka,Kaguya-Sama: Love is War,Blonde,Top Tier,Normal,Ai Hayasaka,"Kaguya Shinomiya, Miko Ino, Maki Shijo",https://cdn.myanimelist.net/r/360x360/images/characters/12/380193.jpg?s=dc18e2d4b0c63da1d6debd0c43662832
Edward Elric,Fullmetal Alchemist,Blonde,Metal Arm Guy,Normal,Edward Elric,"Alphonse Elric, Jean Havoc, Van Hohenheim",https://www.giantbomb.com/a/uploads/scale_medium/1/19745/686751-ed16.jpg
Alphonse Elric,Fullmetal Alchemist,Blonde,Mechanic for Metal Arm Guy,Normal,Alphonse Elric,"Edward Elric, Van Hohenheim, Incursio",https://pbs.twimg.com/profile_images/852570716377501697/aLHT4ucq_400x400.jpg
Winry Rockbell,Fullmetal Alchemist,N/A,Literal Metal Guy,Normal,Winry Rockbell,"Lucy Heartfilia, Riza Hawkeye, Olivier Mira Armstrong",http://images6.fanpop.com/image/answers/437000/437341_1348710778237_402_405.jpg
Dream, DreamSMP, Daddy Of Minecraft, Dream, "GeorgeNotFound, SapNap, BadBoyHalo", https://preview.redd.it/mkcb8c8iibs61.jpg?auto=webp&s=ca19bfc4f8cee0273beeed96d024b16e57183791
,,,,,,,
,,,,,,,
,,,,,,,
